Tribe	Genus	Species	tissue	collector	year	T	A	C	G	GC count	GC skew
Arvicolini	Arvicola	A. amphibius	1048	Абрамов АВ	2006	30	31.6	25.8	12.6	4.7565	0
Arvicolini	Alexandromys	A. fortis	GB			27.1	30.8	28.9	13.1	36.5007	-0.3671
Arvicolini	Alexandromys	A. kikuchii	GB			27	30.7	28.9	13.4	36.6585	-0.3478
Arvicolini	Blanfordimys	B. juldaschi	2703	Голенищев ФН	2004	27.5	31.1	28.3	13.1	36.0653	-0.3333
Arvicolini	Chionomys	C. gud	1115	Банникова АА	2007	29.9	31.5	25.8	12.8	33.9483	-0.3012
Arvicolini	Chionomys	C. nivalis	2737	Стекольников АА	2009	28	31	27.7	13.3	35.6735	-0.3176
Arvicolini	Lasiopodomys	L. brandtii	1207	Банникова АА	2008	28.5	30.2	27.3	14	35.9891	-0.3033
Arvicolini	Lasiopodomys	L. gregalis	4872	Ковальская?	2019	27.5	30.2	28.3	14	36.6912	-0.3333
Arvicolini	Lasiopodomys	L. mandarinus	GB			28.4	30.5	27.8	13.3	36.1088	-0.3586
Arvicolini	Lasiopodomys	L. raddei	4869	Сморкачева?	2019	28	30.2	28.1	13.7	36.1959	-0.3258
Arvicolini	Microtus	M. agrestis	GB			27.9	30.8	27.9	13.4	35.6463	-0.3333
Arvicolini	Microtus	M. arvalis	GB			28.3	30.7	27.5	13.6	35.5864	-0.3125
Arvicolini	Microtus	M. cabrerae	3408	Графодатский А.С.	2011	27.4	29.6	28.5	14.4	37.1429	-0.3181
Arvicolini	Microtus	M. californicus	3412	Графодатский А.С.	2011	28.3	31.3	27.5	12.8	35.0204	-0.3474
Arvicolini	Microtus	M. levis	GB			28.5	30.9	27.2	13.4	35.2327	-0.3333
Arvicolini	Microtus	M. longicaudus	2011	J.S.Millar		30.8	30.6	25.5	13	33.9537	-0.3176
Arvicolini	Microtus	M. miurus	3411	Графодатский А.С.	2011	27.7	30.8	27.9	13.6	35.9293	-0.3333
Arvicolini	Microtus	M. ochrogaster	GB			27.8	31	28.1	13.1	35.8204	-0.3474
Arvicolini	Microtus	M. richardsoni	3409	Графодатский А.С.	2011	28.4	31	27.6	13.1	35.2054	-0.3084
Arvicolini	Neodon	N. irene	GB			27.8	30.3	28.3	13.6	36.419	-0.3143
Arvicolini	Neodon	N. sikimensis	GB			27.4	31.5	28.3	12.8	35.8912	-0.3333
Arvicolini	Proedromys	P. liangshanensis	GB			27.3	31	28.2	13.4	36.3646	-0.3333
Arvicolini	Microtus	M. guentheri	2723	Голенищев ФН	2009	28.6	31.1	27	13.3	34.3238	-0.3176
Arvicolini	Microtus	M. socialis	1043	Чабовский АВ		27.9	31	27.8	13.3	35.717	-0.306
Arvicolini	Terricola	T. daghestanicus	3777	Петрова 43.26, 40.6	2012	28.5	30.8	27.4	13.3	35.2327	-0.3333
Arvicolini	Terricola	T. subterraneus	GB			28.2	30.9	27.6	13.3	35.4612	-0.3148
Dicrostonychini	Dicrostonyx	D. groenlandicus	GB			28.6	30.4	28	13	35.8204	-0.3521
Dicrostonychini	Dicrostonyx	D. hudsonius	GB			28.4	30.3	28.3	13	35.9891	-0.3333
Dicrostonychini	Dicrostonyx	D. torquatus	GB			28.8	30.6	27.8	12.7	35.5537	-0.3514
Dicrostonychini	Phenacomys	P. intermedius	2017	A.Borisenko	2008	30.2	32.5	25.4	11.9	32.985	-0.317
Ellobiusini	Ellobius	E. fuscocapillus	GB			28.7	30.9	27.4	13	35.8803	-0.3158
Ellobiusini	Ellobius	E. lutescens	GB			26.6	29.6	30	13.8	38.3347	-0.3333
Ellobiusini	Ellobius	E. talpinus	GB			27.7	30.2	28.7	13.5	36.8163	-0.3397
Lagurini	Eolagurus	E. luteus	1816	Сморкачева АВ		28.4	31.4	26.9	13.3	35.1782	-0.3074
Lagurini	Lagurus	L. lagurus	5135	Сморкачева АВ	2019	29.3	31.2	26.4	13.1	34.7864	-0.3258
Lemmini	Lemmus	L. trimucronatus	377	Абрамсон	2005	29.4	30.1	27	13.6	35.1401	-0.3333
Lemmini	Synaptomys	S. cooperi	1363	William O. Pruitt	2005	28.6	30.3	28.2	12.9	35.9184	-0.3544
Clethrionomyini	Alticola	A. lemminus	???	Бодров?		27.8	31	28.6	12.7	35.8041	-0.3536
Clethrionomyini	Alticola	A. macrotis	???	Бодров?		28.1	30.8	28.1	13	35.7714	-0.3488
Clethrionomyini	Alticola	A. olchonensis	3124	Абрамсон	2010	27.3	30.3	28.7	13.7	37.0177	-0.3333
